{"mozillaaccounts-toolbar-button-default-visibility-existing-user":{"slug":"mozillaaccounts-toolbar-button-default-visibility-existing-user","branch":{"slug":"treatment-a","ratio":1,"feature":{"value":{},"enabled":false,"featureId":"this-is-included-for-desktop-pre-95-support"},"features":[{"value":{"boolean":true},"enabled":true,"featureId":"fxaButtonVisibility"}]},"active":true,"enrollmentId":"6ef79639-7c2c-49d4-9b2c-1fa0e274dcbe","experimentType":"rollout","source":"rs-loader","userFacingName":"MozillaAccounts toolbar button default visibility rollout","userFacingDescription":"This experiment measures the impact of showing the Firefox Accounts toolbar button by default for signed-out users.","lastSeen":"2024-01-15T21:27:15.973Z","featureIds":["fxaButtonVisibility"],"prefs":[{"name":"identity.fxaccounts.toolbar.defaultVisible","branch":"user","featureId":"fxaButtonVisibility","variable":"boolean","originalValue":null}],"isRollout":true},"serp-ad-telemetry-rollout":{"slug":"serp-ad-telemetry-rollout","branch":{"slug":"control","ratio":1,"feature":{"value":{},"enabled":false,"featureId":"this-is-included-for-desktop-pre-95-support"},"features":[{"value":{"serpEventTelemetryEnabled":true},"enabled":true,"featureId":"search"}]},"active":true,"enrollmentId":"7a4a6e05-325f-49eb-bda9-32effc80a2a7","experimentType":"rollout","source":"rs-loader","userFacingName":"SERP Ad Telemetry Rollout","userFacingDescription":"Telemetry improvements.","lastSeen":"2024-01-15T21:27:15.995Z","featureIds":["search"],"prefs":[{"name":"browser.search.serpEventTelemetry.enabled","branch":"default","featureId":"search","variable":"serpEventTelemetryEnabled","originalValue":false}],"isRollout":true},"upgrade-spotlight-rollout":{"slug":"upgrade-spotlight-rollout","branch":{"slug":"treatment","ratio":1,"feature":{"value":{},"enabled":false,"featureId":"this-is-included-for-desktop-pre-95-support"},"features":[{"value":{"enabled":false},"enabled":true,"featureId":"upgradeDialog"}]},"active":true,"enrollmentId":"f574a176-846d-4fec-9c80-7a5c52132f8e","experimentType":"rollout","source":"rs-loader","userFacingName":"Upgrade Spotlight Rollout","userFacingDescription":"Experimenting on onboarding content when you upgrade Firefox.","lastSeen":"2024-01-15T21:27:15.997Z","featureIds":["upgradeDialog"],"prefs":[],"isRollout":true}}